{
    "created_at": "2026-02-05T09:49:23.945399Z",
    "dataset_path": "",
    "checkpoint_path": "",
    "num_classes": 10,
    "gt_totals": {
        "0": 1937,
        "1": 1937,
        "2": 1937,
        "3": 1937,
        "4": 1937,
        "5": 1937,
        "6": 1937,
        "7": 1937,
        "8": 1937,
        "9": 1937
    },
    "error_distribution": {
        "0": {
            "0": 0.60453,
            "1": 0.39184,
            "2": 0.00258,
            "3": 0.00103
        },
        "1": {
            "1": 0.76974,
            "2": 0.22509,
            "3": 0.00413,
            "4": 0.00103
        },
        "2": {
            "2": 0.96489,
            "3": 0.03459,
            "4": 0.00052
        },
        "3": {
            "3": 0.99122,
            "4": 0.00878
        },
        "4": {
            "4": 0.99690,
            "5": 0.00310
        },
        "5": {
            "5": 1.0
        },
        "6": {
            "6": 1.0
        },
        "7": {
            "7": 1.0
        },
        "8": {
            "7": 0.00103,
            "8": 0.99897
        },
        "9": {
            "8": 0.00103,
            "9": 0.99897
        }
    }
}